{
    "$schema": "https://schema.management.azure.com/schemas/2015-01-01/deploymentParameters.json#",
    "contentVersion": "1.0.0.0",
    "parameters": {
        "artifactsBaseUrl": {
            "value": "https://raw.githubusercontent.com/azmigproject/azure-lustre-client-server/master/101-lustre-client-server-create"
        },
        "location": {
            "value": "West US"
        },
		"adminUsername": {
            "value": "azureuser"
        },
        "dnsNamePrefix": {
            "value": "uniquednsname"
        },
        "storageAccountPrefix": {
            "value": "uniquestorageaccount"
        },
        "existingVnetResourceGroupName": {
            "value": "existingvnetresourcegroupname"
        },
        "existingSubnetClientsName": { 
            "value": "subnet-lustre-clients"
        }
    }
}