{
  "$schema": "https://schema.management.azure.com/schemas/2015-01-01/deploymentTemplate.json",
  "contentVersion": "1.0.0.0",
  "parameters": {
    "location": {
      "type": "string",
      "metadata": {
        "description": "Location for the Lustre nodes"
      }
    },
    "vnetName": {
      "type": "string",
      "metadata": {
        "description": "Virtual Network name (e.g. vnet-lustre)"
      }
    },
    "vnetResourceGroup": {
      "type": "string",
      "metadata": {
        "description": "Virtual Network Resource Group"
      }
    },
    "vnetAddressPrefix": {
      "type": "string",
      "metadata": {
        "description": "Virtual Network Address Prefix (i.e. CIDR)"
      }
    },
    "subnetServersName": {
      "type": "string",
      "metadata": {
        "description": "Lustre servers will be deployed into this subnet within the Virtual Network"
      }
    },
    "subnetServersAddressPrefix": {
      "type": "string",
      "metadata": {
        "description": "Virtual Network Lustre Servers subnet Address Prefix (i.e. CIDR)"
      }
    },
    "subnetClientsName": {
      "type": "string",
      "metadata": {
        "description": "Lustre clients can be deployed into this subnet within the Virtual Network"
      }
    },
    "subnetClientsAddressPrefix": {
      "type": "string",
      "metadata": {
        "description": "Virtual Network Lustre Clients subnet Address Prefix (i.e. CIDR)"
      }
    }
  },
  "variables": {
    "vnetID": "[resourceId(parameters('vnetResourceGroup'), 'Microsoft.Network/virtualNetworks', parameters('vnetName'))]"
  },
  "resources": [],
  "outputs": {}
}